"year","rcp45","rcp85"
1765,0.0054535647031802,0.0054535647031802
1766,0.00963269725912179,0.00963269725890813
1767,0.0138396576121512,0.0138396576118814
1768,0.0219706108889965,0.0219706108887069
1769,0.0313364329557784,0.031336432955442
1770,0.0412820404908176,0.0412820404905395
1771,0.0462268409235703,0.0462268409233302
1772,0.0450149143615144,0.0450149143613841
1773,0.044235818675203,0.0442358186753239
1774,0.0430466675189371,0.0430466675191667
1775,0.0389849088944197,0.0389849088947381
1776,0.0355296690264911,0.0355296690270354
1777,0.0340609345136515,0.0340609345144884
1778,0.0336940890424438,0.0336940125445781
1779,0.0276910847751037,0.02769108477635
1780,0.0236933630267904,0.0236933630281011
1781,0.023178871550128,0.0231787763735561
1782,0.0260509566538087,0.0260509566556178
1783,-0.494635465088789,-0.49463546508699
1784,-0.397080221584611,-0.397080221582765
1785,-0.294851733172137,-0.294851733170046
1786,-0.212635613042007,-0.212635613039861
1787,-0.150438315491939,-0.150438315489558
1788,-0.111456955209715,-0.111456955207722
1789,-0.0829734546092085,-0.0829734546065168
1790,-0.0618202602940043,-0.0618202602918064
1791,-0.0449245444498829,-0.0449252561993947
1792,-0.0312459543359206,-0.031245954331551
1793,-0.0218323874181916,-0.0218323874149065
1794,-0.0252822252052263,-0.0252827762588134
1795,-0.0127881765520223,-0.0127881765478994
1796,-0.0636175944876194,-0.0636175944832051
1797,-0.0467980334688216,-0.0467980334649816
1798,-0.0301586938647296,-0.0301581125066413
1799,-0.017651865071174,-0.0176518650677857
1800,-0.0095651648934854,-0.00956516489017402
1801,-0.0108121280794944,-0.0108121280766353
1802,-0.00311162038816696,-0.00311162038427553
1803,0.00241085839913006,0.00241096801244522
1804,-0.00924724788884909,-0.00924724788444004
1805,-0.0059735632213683,-0.00597356321661934
1806,0.000772851875148793,0.000772567622458317
1807,0.00416745393716126,0.00416733802239643
1808,0.00627144470195503,0.00627119548327247
1809,-0.452076857086262,-0.452076857080424
1810,-0.483791654819097,-0.483795816787671
1811,-0.411591387146416,-0.411583756391567
1812,-0.323347571831786,-0.32334757182518
1813,-0.246749247913702,-0.24674924790612
1814,-0.183393291136313,-0.183393291130958
1815,-0.927109459454873,-0.927109459445925
1816,-0.992024676115695,-0.992024676108671
1817,-0.896873285188776,-0.896873285183869
1818,-0.726821139184709,-0.72682113917854
1819,-0.565568512098692,-0.565568512092081
1820,-0.428786401086192,-0.428786401080285
1821,-0.328575662972857,-0.328575662967444
1822,-0.254196929723293,-0.254195254725685
1823,-0.198182959713434,-0.198188553077248
1824,-0.154069730940793,-0.154074272727216
1825,-0.119208569882517,-0.119211855600489
1826,-0.0915469044220333,-0.0915469044121924
1827,-0.0674521666547333,-0.0674570793730995
1828,-0.0480959877263523,-0.0480990041057273
1829,-0.0326906381021028,-0.0326906455188821
1830,-0.0200975464480691,-0.0200982590916912
1831,-0.130625569418798,-0.130625569411716
1832,-0.180835148159553,-0.180835148154901
1833,-0.174135386285018,-0.174135386280505
1834,-0.141478277832389,-0.141478277827501
1835,-0.441625223597681,-0.441625223589365
1836,-0.418352951682058,-0.418356212655211
1837,-0.334934233002902,-0.334934232997891
1838,-0.251137959862621,-0.251147012148632
1839,-0.184568061963513,-0.184569166441951
1840,-0.134483320295722,-0.134484944579689
1841,-0.0968617927059101,-0.0968669375431718
1842,-0.0689987976007695,-0.0689987975980513
1843,-0.0516608592298372,-0.0516608592239953
1844,-0.0365030335770548,-0.0365030335736495
1845,-0.024088297874542,-0.0240882978701517
1846,-0.0186069269787345,-0.0186063314468351
1847,-0.0142351975397357,-0.014234007411489
1848,-0.00524208097543188,-0.00524208097255496
1849,0.00736521933611195,0.00736562224777335
1850,0.0150067599424029,0.0150071492380846
1851,0.0201723994139493,0.020172993323942
1852,0.0205304286302433,0.0205329654592259
1853,0.0240890748212914,0.0240890748270456
1854,0.0257174421399103,0.025715602890853
1855,0.0263121584330825,0.0263082743775175
1856,0.0268604621316486,0.0268567779643003
1857,0.0285298795543554,0.02852771781249
1858,0.0323729808264324,0.0323706088851259
1859,0.0373857266405876,0.0373844617441971
1860,0.0428383151589233,0.042838120855059
1861,0.01361271296358,0.013612545207522
1862,-0.0178436176191518,-0.0178458791342876
1863,-0.013860504465265,-0.0138607933408616
1864,0.00140091784798362,0.00140020297484359
1865,0.0135295794159091,0.0135292274081967
1866,0.0217650402273653,0.021763548108305
1867,0.0276679003021834,0.0276673671151161
1868,0.0335622505018943,0.0335605679345043
1869,0.0406182919533226,0.0406164433725199
1870,0.0463664619385543,0.0463655043790038
1871,0.0522324114087658,0.0522318099280992
1872,0.055795827900394,0.055795323048454
1873,0.0514453236185246,0.0514452405778278
1874,0.0539309310698361,0.0539301743373882
1875,0.054349882460214,0.0543496587856405
1876,0.0540979336708386,0.0540976208091816
1877,0.0536597779295428,0.0536597779325253
1878,0.0529149981346872,0.0529145511382565
1879,0.0527753392715409,0.0527751379626811
1880,0.0527234824273452,0.0527192489352702
1881,0.055641379987442,0.0556377370293059
1882,0.0595969272163424,0.0595964669228346
1883,0.0185632569462336,0.0185632569516236
1884,-0.111108599643674,-0.111115034189872
1885,-0.121509889460608,-0.121511452339671
1886,-0.0829948206260123,-0.0829924220001224
1887,-0.0635580871832311,-0.0635580871786262
1888,-0.0339930904572129,-0.0339916086420525
1889,-0.0104184816065074,-0.0104174759051758
1890,-0.00273424958534776,-0.00273414794187591
1891,-0.0013343900645579,-0.00133436972885438
1892,0.0123503661370064,0.0123508186531676
1893,0.0316602045444112,0.0316602308463878
1894,0.049719378833748,0.049719378836789
1895,0.0612028772109355,0.0612011109586933
1896,0.0667768590715897,0.0667761368908542
1897,0.0692450103095766,0.0692429862248785
1898,0.0705794783049959,0.0705794783091977
1899,0.0708985559499602,0.0708985559545906
1900,0.0709548436809894,0.070954843684565
1901,0.0702079837900104,0.0702079837952452
1902,0.0485331327170638,0.048533132720307
1903,-0.0216246702271127,-0.0216253132499032
1904,-0.0304666717758521,-0.0304666717711476
1905,-0.00701758305433445,-0.00701758305065571
1906,0.0224945646122474,0.0224945646170316
1907,0.0382820137945518,0.0382820138038813
1908,0.0540937693684226,0.0540937693736483
1909,0.0656526576057812,0.0656526576096648
1910,0.0732051579240744,0.0732049704121953
1911,0.0775181833284017,0.0775173790146709
1912,0.0279366237845611,0.0279366237875915
1913,0.00522265650248055,0.00522265650993808
1914,0.0168034985727574,0.0168034985762048
1915,0.0459597724779273,0.0459597724830496
1916,0.0729573315341447,0.0729573315378309
1917,0.0964431983915429,0.0964410822754134
1918,0.115488656348516,0.115488656353504
1919,0.126348487686605,0.126352044599454
1920,0.131752686867682,0.131752686873116
1921,0.133734337223026,0.133734337228548
1922,0.129380881757934,0.12938062231793
1923,0.128944294941056,0.12893756238468
1924,0.133141736203614,0.133141579485459
1925,0.140073722834132,0.140073722839429
1926,0.149767066614997,0.149767066618966
1927,0.160928817644268,0.160924864730508
1928,0.166220109133476,0.166205625926143
1929,0.165266416310621,0.165262969992425
1930,0.171859947549279,0.171857560934562
1931,0.174274858782457,0.174270771018048
1932,0.168671680216034,0.168662819395963
1933,0.16943254531298,0.169431276047914
1934,0.173087812613394,0.173080127272058
1935,0.180291128210401,0.180288167036012
1936,0.194209974684747,0.194208605249666
1937,0.205570540474558,0.205560543423771
1938,0.213079549347633,0.213075762015945
1939,0.219154224287792,0.219150648924564
1940,0.222153166565145,0.22214378294403
1941,0.223302056141755,0.22329923018495
1942,0.222950212837717,0.222948709251269
1943,0.221133805171293,0.221125656848307
1944,0.221939319567421,0.221935831493379
1945,0.228473282228851,0.228472763540988
1946,0.236428656868576,0.236422059309671
1947,0.24986186956257,0.249860564928848
1948,0.263092589491234,0.263084982775383
1949,0.271926974998118,0.271926029667741
1950,0.275330328336309,0.275325019955041
1951,0.272267623866284,0.272260021164657
1952,0.270556645332481,0.270555068661694
1953,0.268123247994427,0.26811921070072
1954,0.267150441769887,0.267147906309946
1955,0.270929895888954,0.270923886779393
1956,0.282899899710562,0.282887977029084
1957,0.300203108088708,0.300187918048246
1958,0.314700938767825,0.31469977041583
1959,0.321841907499454,0.321841907503528
1960,0.3253305979206,0.325330597926136
1961,0.322138292712167,0.322125544817396
1962,0.310901583613508,0.310890847886826
1963,0.205619030056872,0.205619030062582
1964,0.158031592575105,0.158031592579249
1965,0.156386211788005,0.156386211792543
1966,0.20382413712691,0.203821303355867
1967,0.235464588741913,0.23546458874631
1968,0.264819696423432,0.264819696429083
1969,0.291801146631028,0.291796461393127
1970,0.313952890025261,0.313952171733794
1971,0.324623377299895,0.324621476133843
1972,0.309286458917557,0.309286343475876
1973,0.334734027881476,0.334732922359204
1974,0.34415982750625,0.344157381461667
1975,0.33485456309083,0.334852656088025
1976,0.356294279978659,0.35629405863921
1977,0.388105861463717,0.388077698047916
1978,0.424409836451556,0.424399579791849
1979,0.460158037341502,0.460156051486747
1980,0.486685851125921,0.486685851130375
1981,0.509351229761932,0.509354289899627
1982,0.492700686512683,0.492700686519029
1983,0.44614866496583,0.446120163630682
1984,0.455785569321293,0.455771091291989
1985,0.485669380075456,0.485651847290117
1986,0.512009413359774,0.512009413364199
1987,0.544349874177984,0.544349874183428
1988,0.584274003102582,0.584285585432361
1989,0.630126357568019,0.630137721055644
1990,0.666877325774907,0.666910838428359
1991,0.625961907918495,0.625961907926125
1992,0.490081484829196,0.490062044627129
1993,0.48590065198451,0.485893187312138
1994,0.553793022481696,0.553793022486529
1995,0.617470487091357,0.617470487096096
1996,0.67232199487691,0.67232511530533
1997,0.720663028338097,0.72066343803933
1998,0.767839766245455,0.767855484427487
1999,0.812897257931073,0.812900557439386
2000,0.854546569616723,0.854552029104295
2001,0.886807749533161,0.886825383763736
2002,0.916242425107766,0.916254622806124
2003,0.932415316687212,0.93244973727596
2004,0.945980429826656,0.945997140749585
2005,0.954081064753633,0.954081489012705
2006,0.962377902442989,0.963229223976355
2007,0.972055547064872,0.974847089541044
2008,0.984761359685053,0.989776927723929
2009,0.99682439880067,1.0051762420817
2010,1.01693319791268,1.02885272580801
2011,1.0379634218549,1.05380112478198
2012,1.06430862753843,1.0836087467012
2013,1.09134816757083,1.11412277366617
2014,1.11559071227414,1.14215469366546
2015,1.12685730815722,1.15777310840901
2016,1.13593125011226,1.17123188584645
2017,1.14676856696969,1.18716479043946
2018,1.15963431331743,1.20535574057314
2019,1.17453114362226,1.22603300044154
2020,1.19137567030851,1.24904057666002
2021,1.21448480619111,1.27862470035036
2022,1.24221717970066,1.31335647398724
2023,1.27116309376396,1.34935506372719
2024,1.2989548267923,1.38506987734766
2025,1.32197238284635,1.41597487802572
2026,1.34122840349077,1.44319597988991
2027,1.35787381859015,1.46811745088405
2028,1.3741280021173,1.49326650311232
2029,1.38981493545942,1.5175115668487
2030,1.4060691664354,1.54285205747965
2031,1.42231404695894,1.56886656591129
2032,1.44038708276226,1.59708905601212
2033,1.46226317035557,1.63015361029486
2034,1.48920567635749,1.6690133845571
2035,1.51487670958555,1.7071538650893
2036,1.54149693300107,1.74677926018146
2037,1.56424715107711,1.78315856665583
2038,1.58640480620836,1.81936015114178
2039,1.60487362359058,1.85208274087209
2040,1.62089244529851,1.88307229509932
2041,1.63578889217738,1.91301739404792
2042,1.65092234593698,1.94402251222424
2043,1.66770080167659,1.9774410495871
2044,1.68706769180988,2.01393214733834
2045,1.71114303464028,2.05587437714231
2046,1.73727607048107,2.1001113130066
2047,1.76525172748247,2.14675417859441
2048,1.79131992444565,2.19225910565664
2049,1.81240928304545,2.23289464465169
2050,1.82820088875762,2.26951542455214
2051,1.84222870248133,2.30441566959679
2052,1.85517751363522,2.3387038304318
2053,1.86729967095754,2.37275517092846
2054,1.88104012647043,2.40954161508235
2055,1.89835305731921,2.45028264823594
2056,1.91874281267333,2.49529000188126
2057,1.93786872331606,2.53907369923016
2058,1.95603347781993,2.58255337433799
2059,1.97392221482732,2.62594060800018
2060,1.98771330681078,2.66637275092131
2061,1.99914595194506,2.70435161524097
2062,2.0082905087946,2.74125448600648
2063,2.01866821611031,2.77846853644115
2064,2.02918930747093,2.81685446609384
2065,2.04112740139523,2.85706891249945
2066,2.05704253720304,2.90196176587356
2067,2.0752079800427,2.94861032922832
2068,2.09366148935221,2.99704897166649
2069,2.10920385864502,3.04227168700359
2070,2.12072452095049,3.08387310804991
2071,2.12923428081241,3.12313227078434
2072,2.13655237303725,3.1607471116247
2073,2.14327474315055,3.1992107242277
2074,2.14881292280884,3.23661589753368
2075,2.15437588284368,3.27443403306
2076,2.15987368448366,3.31226320191852
2077,2.16636225366522,3.3524098860991
2078,2.17578708424305,3.39510372690043
2079,2.18692455075282,3.43971381022457
2080,2.19839242009848,3.48527136928972
2081,2.20844681228789,3.52995898663628
2082,2.21728096533041,3.57413804655175
2083,2.22315826775216,3.61577096822473
2084,2.22821724983244,3.65668083325375
2085,2.23043465678782,3.69422101446429
2086,2.23219242249199,3.73188485801785
2087,2.23421093082199,3.77084569041334
2088,2.23802707157499,3.81122382899028
2089,2.24445812160809,3.85423570921367
2090,2.25550563045575,3.90075622321501
2091,2.26764121489746,3.94866649062241
2092,2.28246955543078,3.99864598982138
2093,2.29262776951478,4.04415481101918
2094,2.29908506581955,4.08586904923053
2095,2.30319864819412,4.12441847911629
2096,2.30515130853785,4.16059470462691
2097,2.30713324028123,4.19703603907892
2098,2.31028032312743,4.23267494332901
2099,2.31539115041523,4.27160334542884
2100,2.32376842714839,4.31361880780999
2101,2.33589124189503,4.35849565870257
2102,2.34562269982347,4.40187585480607
2103,2.35398626983486,4.442587725334
2104,2.36073407798771,4.48139395432529
2105,2.36382882625416,4.5165834457773
2106,2.36607382017801,4.55085883776263
2107,2.36788578204616,4.5844446823341
2108,2.37097677013284,4.61947270708074
2109,2.37550570844616,4.65569519157897
2110,2.38324521317339,4.69519739558412
2111,2.39623240020492,4.7397079711522
2112,2.4075317213821,4.78259862586543
2113,2.41706626046537,4.82310606332782
2114,2.42177734031069,4.85843066480398
2115,2.42558096688237,4.89280400910197
2116,2.42656461718093,4.92455353559056
2117,2.42759743657515,4.95624835632047
2118,2.42845322333377,4.98724981998304
2119,2.42963531991647,5.01956152398115
2120,2.43535392521914,5.05598438979695
2121,2.44487109142866,5.09604899992631
2122,2.45736251541767,5.13786101380496
2123,2.46482573807259,5.17574279056058
2124,2.4724409710859,5.21194309018639
2125,2.47500247023563,5.24468826046792
2126,2.47515498098665,5.27484353047612
2127,2.47444219902108,5.30413788896014
2128,2.4738213532184,5.33335097932604
2129,2.47457877877546,5.36325562875958
2130,2.4792497236805,5.39845696641249
2131,2.491109487198,5.43926539797979
2132,2.50151021868166,5.47849250658528
2133,2.51205663999112,5.5175950535112
2134,2.51773396948593,5.55186197422702
2135,2.51982057790515,5.58272259014885
2136,2.51812272482397,5.609724596017
2137,2.51684926983583,5.6375138800494
2138,2.51586783755078,5.6649103086093
2139,2.51525725424433,5.69303806908713
2140,2.5168000463852,5.72241767956573
2141,2.52150587450305,5.75479846963879
2142,2.52846637200953,5.7895113218532
2143,2.53504769024615,5.82409116967379
2144,2.54155921360334,5.8585458886136
2145,2.54646031665328,5.89137638651275
2146,2.5481360214033,5.92195883318304
2147,2.55016218324048,5.95229747223959
2148,2.55093406242327,5.98105100387176
2149,2.55151292557657,6.00900829681866
2150,2.55232554199984,6.03833968624388
2151,2.5541745638986,6.06720645857407
2152,2.55902331016091,6.09919609578059
2153,2.56804583960836,6.13459156397607
2154,2.580113794426,6.17203545958159
2155,2.58911027084061,6.20753156154018
2156,2.59569035728133,6.24087596404947
2157,2.59943927453066,6.27103598845634
2158,2.59934098599718,6.29645151606111
2159,2.59728090959346,6.31986676148737
2160,2.59543028695324,6.34377445483606
2161,2.5951667308491,6.36818860059957
2162,2.59851960945534,6.39614399955781
2163,2.6072461045411,6.42898705577478
2164,2.61969450807653,6.4653306822758
2165,2.62768670542705,6.49660640070826
2166,2.63520648021584,6.5271276054439
2167,2.63633168034356,6.55240123187175
2168,2.63507178364288,6.57428508860026
2169,2.63307721398096,6.59470640590261
2170,2.6311229004469,6.61511296428487
2171,2.63023750302841,6.63590215615646
2172,2.63208965993613,6.659748058504
2173,2.63897118254602,6.68795196623533
2174,2.64734532841775,6.71762482304413
2175,2.65633048437278,6.7478395023202
2176,2.66359664108862,6.77612624453182
2177,2.6676890699506,6.8012367366389
2178,2.66828719878292,6.82320364625777
2179,2.66785412123414,6.8429266806355
2180,2.66586162743608,6.86047338467749
2181,2.66370575391211,6.87945321941705
2182,2.66168154268392,6.89557211716944
2183,2.66111862272069,6.91559617096167
2184,2.66181775702812,6.93519610178285
2185,2.66544105935929,6.95750065501288
2186,2.67348346583847,6.98539441933235
2187,2.68127930302618,7.01144157088236
2188,2.68827410510305,7.03705052126649
2189,2.69522547511838,7.06179118475922
2190,2.6976503727185,7.0838718923754
2191,2.69684189673793,7.10175493067558
2192,2.69571600449776,7.11911108902412
2193,2.69536363904973,7.13659157153269
2194,2.6957494818931,7.1540384606692
2195,2.69791419109359,7.17289994934877
2196,2.70479271495948,7.19710174355515
2197,2.71498387624884,7.2237441097024
2198,2.72588607425312,7.25070024236577
2199,2.73287815664011,7.27453630896545
2200,2.73665944892327,7.29523392736723
2201,2.73665645723273,7.31103259051964
2202,2.73631982679495,7.32657240677932
2203,2.73564799429357,7.34088397782037
2204,2.7336814127133,7.35468244388081
2205,2.73269888085537,7.36989763016164
2206,2.73132781072282,7.38265352282894
2207,2.73241492988572,7.39957472226115
2208,2.73609930148197,7.41892603350098
2209,2.74287052761599,7.44011126246844
2210,2.75034905699292,7.46145836872203
2211,2.75627170660339,7.48194408490876
2212,2.76140104277001,7.50114265333885
2213,2.76358840602806,7.51776277379972
2214,2.76409937922698,7.53222945129234
2215,2.76250932722022,7.54418497395056
2216,2.76017266968083,7.55637131184269
2217,2.7594759128748,7.56895774049652
2218,2.75959004530758,7.5826178005128
2219,2.76307265133251,7.59890551307827
2220,2.7705921225295,7.61861471671068
2221,2.77905801008651,7.63869952043643
2222,2.79039876384528,7.66265256039916
2223,2.79738905216957,7.68071250530659
2224,2.80022476349883,7.69497249493149
2225,2.79945628664188,7.70627056400398
2226,2.79670011375261,7.71436909969345
2227,2.79463837863774,7.72348580961528
2228,2.79272721427697,7.73181256617107
2229,2.79348106094308,7.74342739539323
2230,2.79826589019328,7.75802822361912
2231,2.80514994230136,7.7750526842594
2232,2.8111709308588,7.79187810730438
2233,2.81735988146413,7.8092873537785
2234,2.82057369279166,7.82328421961425
2235,2.82187816590555,7.83549052393222
2236,2.82062953399553,7.84299544038335
2237,2.81898660178904,7.85196087826949
2238,2.81817454919576,7.85987951912348
2239,2.81812754009914,7.86872958606243
2240,2.82036925321498,7.88141947680907
2241,2.8275375021795,7.89661775144756
2242,2.83642649422135,7.9166252268345
2243,2.84434095763827,7.93303346386715
2244,2.85017311007493,7.94808859613205
2245,2.85216928713611,7.95766420560433
2246,2.85105203184336,7.9659192678438
2247,2.84986604338934,7.97351933995924
2248,2.84792674891352,7.97988432262646
2249,2.84552760693856,7.98508188480952
2250,2.84358502950105,7.99186413810583
2251,2.8424527274437,7.99900688911238
2252,2.8437024840232,8.00792088262368
2253,2.84823251535442,8.02024219545424
2254,2.8552052947244,8.03570891984299
2255,2.86158848314859,8.04962098729401
2256,2.86773995666572,8.06382209036791
2257,2.87213298143176,8.07569239872434
2258,2.87376002569085,8.08456461464496
2259,2.87435879922563,8.09264658773341
2260,2.8716659628001,8.0975908049383
2261,2.86890110206809,8.10229846243072
2262,2.86769387030624,8.1082174533837
2263,2.86770569903468,8.11612414912515
2264,2.87174251215568,8.12743763259934
2265,2.87954351595755,8.14232817972221
2266,2.88867883988333,8.15858743756993
2267,2.89891195301558,8.17545140195927
2268,2.90374260998454,8.1862829361314
2269,2.9054344505934,8.19476894288458
2270,2.90390881544857,8.19940507170322
2271,2.9014090364281,8.20398924211552
2272,2.89849275321758,8.20704005009421
2273,2.89668873412192,8.21204815005087
2274,2.89819250765566,8.22104937578585
2275,2.90350366022056,8.23226907730406
2276,2.91035394865207,8.24552059086708
2277,2.9154504275548,8.25760524070557
2278,2.91936455363187,8.26799920773175
2279,2.92075857728811,8.27548265507357
2280,2.91922972396493,8.28053208900574
2281,2.91684496419999,8.28428140013826
2282,2.91547033102632,8.28898792786346
2283,2.91431224687813,8.29477092368212
2284,2.91534350949551,8.30148393837864
2285,2.92079731839781,8.31484622168774
2286,2.93004069563336,8.32971130023081
2287,2.93829072874014,8.34529425947459
2288,2.94486072296571,8.35864623959181
2289,2.94551560113063,8.36503849923185
2290,2.9447733549308,8.37138207105399
2291,2.94230454882448,8.37529106045877
2292,2.9393034788645,8.37819867722006
2293,2.93628541143519,8.38088872360217
2294,2.93572100078552,8.38729829038305
2295,2.93978072712898,8.39790830340501
2296,2.94604037750697,8.41017531088009
2297,2.95500457047866,8.42462347233579
2298,2.96214696198081,8.43715537775445
2299,2.96497607994336,8.44622350593647
2300,2.96254522379931,8.45033789026502
2301,2.96174072001956,8.45577382781188
2302,2.96205532717714,8.46064850124889
2303,2.9629619680828,8.46526072306264
2304,2.963581712161,8.47144971733801
2305,2.9647255208019,8.47861688320919
2306,2.96608822815497,8.48552326965169
2307,2.96754677915535,8.49269529522996
2308,2.96938983381402,8.49973337940972
2309,2.97116399529313,8.50665616846092
2310,2.97285345532969,8.51381220352807
2311,2.97465117258413,8.52182810301913
2312,2.9763952494398,8.52979983290555
2313,2.97828383124286,8.53608197640123
2314,2.98006221613531,8.54322297671522
2315,2.98183961819407,8.54975920837918
2316,2.98356415961409,8.55718491490421
2317,2.98545814144593,8.56489344341898
2318,2.98702173369497,8.57129131775474
2319,2.98858743043596,8.57886446274595
2320,2.99050299537445,8.58550185801596
2321,2.99238339993163,8.59257679599398
2322,2.99395495946345,8.59981061590144
2323,2.99578123173057,8.60650578638912
2324,2.99753771969934,8.61416316601125
2325,2.99938335011317,8.6213697876274
2326,3.00129190010401,8.62792670813792
2327,3.00296873057566,8.63511052842565
2328,3.004661389564,8.641486803476
2329,3.00613392973724,8.64852363971054
2330,3.00781884569169,8.6560235750924
2331,3.00967094798972,8.66430681324863
2332,3.01157862469745,8.67024145425923
2333,3.01325231264046,8.67707895148502
2334,3.01488424736714,8.68298174036485
2335,3.0164742288432,8.68939471584416
2336,3.01838520027636,8.69643802702969
2337,3.02009234436261,8.7036010452885
2338,3.02175886273606,8.70921275007017
2339,3.02363152415393,8.7150768972526
2340,3.0255106862117,8.72147364102873
2341,3.0269576624651,8.72841169166564
2342,3.02880067198145,8.73528299299108
2343,3.03051488382631,8.74155623172149
2344,3.03192924631718,8.74781699608956
2345,3.03379934354221,8.75510436060156
2346,3.03535874982494,8.76171160606049
2347,3.03672421306148,8.76852469244001
2348,3.03852808238435,8.77437826422487
2349,3.04026219857065,8.78047164562041
2350,3.04186258655079,8.7871061669437
2351,3.04327108434622,8.7928699558088
2352,3.04492763312358,8.7988411592103
2353,3.0465592715141,8.80548588263856
2354,3.04806958513616,8.81126716485172
2355,3.0498362257357,8.81697903174148
2356,3.05130082527204,8.82339848236376
2357,3.05305881513949,8.82930550763567
2358,3.05477858576495,8.83491558792747
2359,3.05628584893864,8.84046086604477
2360,3.05776466092068,8.84722950377789
2361,3.05942092655557,8.85302644661737
2362,3.06093437983308,8.85878232183463
2363,3.06219782521088,8.86486795847384
2364,3.06365033216534,8.87215326931442
2365,3.06525173031787,8.87896855141095
2366,3.06694988365316,8.88517571425597
2367,3.06860170294969,8.89213576600041
2368,3.07039323045833,8.89752450993926
2369,3.07191672014827,8.9037021136312
2370,3.07318310081275,8.90929531663256
2371,3.0747714757504,8.9151956723125
2372,3.07617761166664,8.92097948978277
2373,3.07775047409749,8.92739760462834
2374,3.07916879591707,8.93358381728927
2375,3.08063760475858,8.93904874232502
2376,3.0821496928163,8.94556664722376
2377,3.08385981528532,8.95131236763046
2378,3.08530417837575,8.95732387083236
2379,3.0870154447029,8.96312375205988
2380,3.08847837457984,8.96896428031816
2381,3.08983170624128,8.97463729925659
2382,3.09133362611995,8.98015351637954
2383,3.09286275896519,8.98595027491861
2384,3.09423662755186,8.99173499272946
2385,3.09551084618042,8.99845617355137
2386,3.09716394522983,9.00421075353038
2387,3.09842371050105,9.00993509703396
2388,3.09983499150997,9.01647915207432
2389,3.10149056983015,9.02218238295531
2390,3.10273432056969,9.02852797951701
2391,3.10426414572537,9.0343762531315
2392,3.10573206031699,9.03869622067502
2393,3.10701257268711,9.04448672287186
2394,3.10831326635852,9.04984055583727
2395,3.10975634622483,9.05470817530928
2396,3.11100926276299,9.06013529549018
2397,3.11216246021489,9.06494280547924
2398,3.11377403882436,9.07020634964048
2399,3.11524408344172,9.07496383973355
2400,3.11674288820004,9.08010913642817
2401,3.11823429582441,9.0848188572939
2402,3.1196390594098,9.08977374869164
2403,3.12119525287143,9.0950653849452
2404,3.12232690718921,9.10065753510061
2405,3.1233627645753,9.10532918321115
2406,3.12465486365875,9.11020231335533
2407,3.12600302139865,9.11556577833068
2408,3.12700827793482,9.11997025333611
2409,3.12828675607087,9.1248861622487
2410,3.12970127610076,9.1296260718721
2411,3.13087314149681,9.13499218627042
2412,3.13208032466016,9.14021078100865
2413,3.13339770746893,9.14518842357727
2414,3.13469533565439,9.15001543038455
2415,3.13610613862854,9.15498369019879
2416,3.13742671365548,9.15937105958308
2417,3.13863121327023,9.16408741862434
2418,3.13971024496003,9.16885924001598
2419,3.14069996217029,9.17465870474694
2420,3.14200107558921,9.18001664737714
2421,3.14341180636607,9.18529458875967
2422,3.1447518546384,9.18950185355435
2423,3.14600822863642,9.19428106873264
2424,3.14704999982499,9.19876819967273
2425,3.14810393977501,9.203551634884
2426,3.14948212586239,9.20836040975417
2427,3.15087852716706,9.21299545566908
2428,3.15202947553075,9.21840879812948
2429,3.15329013094478,9.22385267572814
2430,3.15463037359689,9.22833955656017
2431,3.15585093450525,9.23246601296768
2432,3.15694083677272,9.23659546463429
2433,3.15790154562128,9.24187955995456
2434,3.15901243947616,9.24676468869704
2435,3.16023506757272,9.25110470937394
2436,3.16135491316744,9.25571997873285
2437,3.16283640790939,9.26034815850266
2438,3.16403134066421,9.26423916225652
2439,3.16523406839881,9.268592488048
2440,3.16644542257913,9.27351045446716
2441,3.16766138779803,9.27757826562639
2442,3.16903725602726,9.28219727908124
2443,3.17008713877817,9.28684043978186
2444,3.17102963667349,9.29161534620586
2445,3.17222210808536,9.29572770230675
2446,3.17318583859032,9.30025626435841
2447,3.1742764135753,9.30416879898393
2448,3.17546207487773,9.30880707275647
2449,3.17653431341438,9.31367235135476
2450,3.17767269440016,9.31779767019746
2451,3.17883751079795,9.32158070894487
2452,3.17991418784845,9.32572069187846
2453,3.18091732637727,9.33045282334247
2454,3.18211635843882,9.33461284340599
2455,3.18329770173109,9.3392443510654
2456,3.18446354972269,9.34373821633465
2457,3.18562776836033,9.34654805662591
2458,3.18669429373349,9.35090921191617
2459,3.18765862873367,9.35555391718053
2460,3.18897875475568,9.35947565981636
2461,3.19000572043425,9.36345704026713
2462,3.19108726431753,9.367679295203
2463,3.19214264593501,9.37155499360982
2464,3.19323006254156,9.37554028805649
2465,3.19456434630021,9.37910437908855
2466,3.19559585705131,9.38402356485543
2467,3.19665684871573,9.38754943659197
2468,3.19785865280851,9.39077947805814
2469,3.19908411466385,9.39529722104393
2470,3.20042212342759,9.39937926515716
2471,3.20136484663374,9.40275133686281
2472,3.20262696587873,9.40656600670657
2473,3.20366638165159,9.41117347155292
2474,3.20463727013803,9.41545780433519
2475,3.20587976179225,9.41911781606989
2476,3.20702866304168,9.4227191680573
2477,3.20808983582597,9.42670021964241
2478,3.20949076643324,9.43068979452803
2479,3.21059650896843,9.43486587134489
2480,3.21177889163135,9.43792997546245
2481,3.21291995198015,9.44132530571562
2482,3.21421867746896,9.44506572835501
2483,3.21525274361537,9.44873867714504
2484,3.21651672369651,9.45260247315372
2485,3.2176449480261,9.45682017084034
2486,3.21886020639196,9.46025210768103
2487,3.21999092610533,9.46370482004867
2488,3.22114909025132,9.46734885433627
2489,3.22233318719351,9.47052754629976
2490,3.22353942838744,9.47426351828143
2491,3.22479184491236,9.4773741686522
2492,3.22607521358352,9.48078873774704
2493,3.22739591577477,9.48468260640191
2494,3.22864017273242,9.48848456852187
2495,3.22987450583093,9.4913088825632
2496,3.23117685942077,9.49475438613741
2497,3.23231514593556,9.49755852230653
2498,3.23344382903142,9.50104700697291
2499,3.23463482886113,9.50540242902561
2500,3.23573677306069,9.50870875804843
